ticker,company,status,current_price,current_price_timestamp,target_buy_zone,entry_idea,theme,thesis_summary,reference_price,last_analyzed_at,next_review_scheduled_at,exchange,sector
CRWV,CoreWeave Inc.,Watch,111.31,2026-05-14,$90-125 entry range; $160-190 2027 PT,Tier 1 (Highest conviction): $90-105 dip-buy; Tier 2 (Fair): $105-125; Tier 3 (Avoid): >$130,GPU-native AI cloud; Q1 revenue beat + record backlog validation,"**Q1 2026 HYPERGROWTH VALIDATED (+112% YoY to $2.08B), BUT BACKLOG IS THE REAL STORY.** Revenue beat $2.08B vs $1.97B est., but net loss -$740M (flat YoY) signals pre-profitable execution model. KEY: Revenue backlog exploded to $99.4B (+284% YoY), providing 48+ months visibility. Analyst consensus: 14 Buy / 9 Hold / 1 Sell = Moderate Buy; avg PT $131.88 (+18% upside); recent upgrades Wells Fargo $155 (May 8), BofA $140 (May 6). Stock fell 10% May 7 on light 2026 revenue guidance ($12-13B), recovered by May 14. **BULL CASE ($200-240 2027 PT):** Backlog converts, margins expand to 25-35% EBITDA, FCF inflection 2027 = >$30B revenue target validated. **BASE CASE ($160-190 2027):** Hit guidance, FCF positive H1 2027, analyst PTs rise to $140-160. **BEAR ($85-110):** Macro capex pullback, AWS/Azure competitive response, utilization misses, profitability delayed. Conviction 6/10 (backlog exceptional, but valuation stretched at 28x sales; pre-profitable risk). MAKE-OR-BREAK: Gross margin disclosure + 2026 revenue execution. Next catalyst: Q2 2026 earnings Aug 2026, pre-earnings refresh July 15. Watch backlog growth rate, capacity utilization, analyst sentiment shift.",111.31,2026-05-14,2026-07-15,NASDAQ,Technology
MTDR,Matador Resources,Buy,56.81,2026-05-14,$54-62 core entry; $65+ avoid,Tier 1: $54-56 dip accumulate; Tier 2: $56.81 current; Tier 3: $60-62 scale after analyst PT revisions,Q1 execution beat + Truist upgrade + WTI $102 tailwind; expect analyst PT upgrades to $70-80 range,"**FULL ANALYSIS EXECUTED (May 14).** Q1 2026: EPS $1.53 beat $1.26 (+21.4% YoY); production 207.6k BOE/d beat guidance +2.3%; raised FY2026 guidance 210.5-216k; capex maintained $1.45-1.55B = capital efficiency validation. **MAJOR CATALYST:** WTI $73→$102.21/bbl (+40% in 8 days, May 6-14) on Middle East tensions = validates bull thesis immediately. **ANALYST SURGE:** Truist upgraded May 12 ($67 PT); Street consensus 27 Buy/5 Hold/0 Sell (84% bullish); avg PT $61.19 (outdated); expect 5-10 upgrades May 14-June 14 as models digest $95-105 WTI sustained = consensus PT likely drifts $65-75 by late May. **AT $56.81 STOCK:** 8% upside to old consensus $62; 18% upside Truist $67; 32-50% upside to revised $75-85 if analyst PT upgrades manifest (likely). **VALUATION:** EV/EBITDAX 9x fair on $85-90 WTI = $62-68 PT; at $95-105 WTI = $75-85 PT valid. **OIL LEVERAGE:** 73% revenue from oil; $10/bbl change = $0.10-0.15 EPS impact; at $102 WTI, annualized FCF could reach $2.2-2.5B (+100% upside vs $1.2B baseline). **BALANCE SHEET:** Debt -50% YoY to $600M, net debt/EBITDAX 0.1x, dividend 7-yr raise streak (8th pending). **BULL:** $75-85 PT on $95-105 WTI sustained (31-50% upside); **BASE:** $60-70 PT on $85-90 WTI (5-22% upside); **BEAR:** $42-52 on WTI <$75 (26-35% down). Conviction 7.5/10. Risk/reward 2:1 favorable. **KEY DATES:** Analyst PT revisions expected through June 14; pre-earnings review July 15; Q2 earnings ~Aug 6. See full analysis: 03_sectors/oil_energy/earnings/MTDR/2026-Q1-comparison.md",56.81,2026-05-14,2026-07-15,NYSE,Oil and Energy
DVN,Devon Energy,Strong Buy,46.90,2026-05-13,$50.00-70.00,Accumulate here and on dips; layer up on any weakness >$44,Oil producer surge on $102 oil,"**STRONG BUY—OIL MACRO DRAMATICALLY IMPROVED.** Q1 execution solid: oil production 387K bbl/day (flat YoY = discipline), CapEx -12% YoY, FCF $816M (+16.6% QoQ). Merger closed May 7 unlocking $1B synergies. KEY CATALYST: WTI now $102.21/bbl (May 13-14) vs. prior bull case $62/bbl assumption. Mid-East tensions + tight inventory supporting prices. Analyst consensus: 20 BUY/5 HOLD/0 SELL (80% conviction), average PT $59.28 (high $69, low $44); Raymond James Strong Buy $72. REVISED BASE CASE: $85-100 WTI → FCF $3.8-4.2B → PT $65-75 (50% upside). Bull: $95-105 WTI sustained + synergies = $75-90 PT. Bear: WTI crashes <$70 = $42-52 PT. Dividend sustainable and likely to expand. Accumulate $46-50 range; add on dips to $44+. Oil is the gate; thesis breaks if WTI <$75. Next catalyst: June 15 combined guidance.",46.90,2026-05-14,2026-06-15,NYSE,Oil and Energy
CVX,Chevron Corporation,Buy,185.98,2026-05-14,$175-195 accumulate; $205-225 fair value target,Tier 1: $175-185 best risk/reward (5-6% entry yield); Tier 2: $185-195 fair entry; Tier 3: $200-210 fair value hold,Integrated oil major; Q1 beat + production growth + cost reduction momentum,"Q1 2026 execution validated the thesis: adjusted EPS $1.41 beat consensus, production reached 3.9M BOE/d (+15% YoY), and adjusted FCF hit $4.1B. Hess integration is running ahead of plan, cost reduction progress is strong, and elevated WTI materially improves the near-term cash flow setup. Street consensus remained constructive with an average price target around $216.90 on 2026-05-14. Bull case: $230-250 if oil stays strong and execution holds. Base case: $205-220. Bear case: $150-170 if crude falls and cost progress stalls.",185.98,2026-05-14,2026-07-10,NYSE,Oil and Energy
COP,ConocoPhillips,Watching,117.40,2026-05-13,,Layered entry on weakness,Oil producer dip buy,Large-cap quality oil proxy for tactical dip buying,117.40,2026-05-11,2026-05-18,NYSE,Oil and Energy
EOG,EOG Resources,Watching,134.93,2026-05-13,,Layered entry on weakness,Oil producer dip buy,High-quality large-cap E&P to monitor for oil rebound setups,134.93,2026-05-11,2026-05-18,NYSE,Oil and Energy
INTC,Intel Corp,Watch,120.02,2026-05-13,$85-105 base case; $140+ bull case,Conservative: $95-105 (better risk/reward); Bullish: enter now at $120 if foundry/18A thesis strong,Semiconductor turnaround + foundry upside,"**Q1 2026 BEAT (April 23): Revenue $13.6B (+7% YoY), non-GAAP EPS $0.29 vs. $0.01 exp. (3000% beat), gross margin 41% (+3.1 pts QoQ, +1.8 pts YoY). DCAI +22% YoY to $5.1B, AIPC >60% of client mix (up from <40% YoY).** Stock +483% YTD on turnaround credibility + Apple preliminary foundry deal (WSJ, early May). Current price $120 vs. analyst consensus PT $81 (32% downside) = valuation stretched. Bull case: $140-150 if foundry scales (Apple deal closed, IFS wins customers, 18A ramps). Base case: $110-120 fair value (DCAI +10-15% growth, foundry 10-15% of revenue by 2028, margin 40-42%). Bear case: $60-75 if foundry disappoints or DCAI slows. Risk/reward: 17-25% bull upside vs. 37-50% bear downside. Consensus hold reflects operational improvements but valuation skepticism. Apple deal preliminary (not signed) = key binary. Analyst caution justified at current levels; better entry <$100.",120.02,2026-05-14,2026-07-15,NASDAQ,Technology
FANG,Diamondback Energy,Buy,195.91,2026-05-13,$165-195 best entry; $195-210 fair value,Tier 1: $165-180 best risk/reward; Tier 2: $180-195 fair entry; Current $195.91 = late-stage momentum entry,Permian pure-play + WTI shock validation,"**Q1 2026 BEAT + GUIDANCE RAISE + WTI SHOCK VALIDATED BULL CASE (May 4-14).** Revenue $4.24B (beat +7.93%), adj EPS $4.23 (beat +13%), FCF $1.7B Q1 = $6.8B annualized at current commodity. Management raised FY2026 oil to 520k+ BOE/d, total BOE to 972k+ (+5% organic growth). MAJOR CATALYST: WTI surged $73→$102/Bbl (+40% in 8 days post-earnings) on Middle East supply disruption = validates 18-month bull thesis immediately. At $195.91 stock: Street consensus $194.61 PT = fairly priced on $80-85 WTI baseline. **IF WTI SUSTAINS $95-100+:** Bull case $240-290 PT (+25-50% upside) on FCF $2.5-2.8B annualized, dividend +10-15% annually, 6.5-7.0x EBITDAX multiple (vs. 5.5x now). EXECUTION PROVEN: 4 of 4 quarters beat guidance; Endeavor integration on track; capex discipline exemplary. Capital returns accelerating: dividend $1.10/share (+10% YoY), buyback $548M Q1, debt -$777M Q1 = fortress balance sheet. ANALYST CONSENSUS: 21 Buy/3 Hold (84%); Bernstein $237→$241 PT; expect $30-50 PT upgrades next 60 days. Base case $80-90 WTI = $180-210 PT. Bear case <$70 WTI = $120-150 PT. Key risk: WTI <$85 sustains. Conviction 8/10. Risk/reward 2:1 favorable. Best entry $165-180; accumulate on weakness.",195.91,2026-05-14,2026-07-01,NASDAQ,Oil and Energy
APA,APA Corporation,Watching,36.97,2026-05-13,,Layered entry on weakness,Oil producer dip buy,Cyclical oil rebound candidate with higher volatility,36.97,2026-05-11,2026-05-18,NASDAQ,Oil and Energy
CHRD,Chord Energy,Buy,142.01,2026-05-13,$120-135 best entry; $135-150 fair entry,Tier 1: $120-135 accumulate (best risk/reward); Tier 2: $135-150 fair entry; Current $142 = late-stage momentum entry,Delaware Basin unconventional producer; Q1 beat + raised guidance + WTI tailwind,"**FULL ANALYSIS COMPLETE (May 14, 2026).** Q1 2026 beat consensus by 38% on EPS ($4.56 vs $3.30) and 43% on revenue ($1.67B vs $1.17B). Guidance raised: oil production +2k bbl/d (to ~161k) on FLAT capex = operational excellence + Hugh Brinson gas pipeline ramp validating. FCF $324M Q1 annualizes $1.3B+ at current commodity prices; $80 oil baseline in guidance means $102 WTI creates $300-400M incremental annual FCF (30-40% upside). **EXECUTION VALIDATED:** Production 275.6k BOE/d (beat); 36% YoY growth; reserve replacement 173% (Q4 2025); inventory depth 15+ years. **COMMODITY TAILWIND STRUCTURAL:** WTI $102/bbl (+40% in 8 days from $73) supported by Middle East tensions + global inventory drawdown (8.5M bbl/d H2 2026). Analyst consensus 14 Buy/3 Hold, median PT $168 (+18% upside); Mizuho upgraded $164; likely PT upgrades follow as models update. **BULL CASE ($75-85 PT):** $95-105 WTI sustained, FCF $1.8-2.0B, analyst PTs rise to $180-200+ = 35-45% upside. **BASE CASE ($55-70 PT):** $80-90 WTI, FCF $1.2-1.4B, multiple compression = 20-55% downside. **BEAR CASE ($35-45):** <$70 WTI on demand shock = 60-70% downside. **CONVICTION 7.5/10 HIGH** on consistent execution + commodity tailwinds. **RISK/REWARD:** At $142, upside capped at bull case $75-85 (high bar for WTI); best entry $120-135 offers 25-35% upside + 20-30% downside cushion. **KEY METRICS:** WTI crude = gate metric (>$95 supports bull, <$90 risks base/bear); Hugh Brinson ramp peak H2 2026; Q2 earnings mid-Aug 2026. **INVALIDATION:** WTI <$90 sustained; Hugh Brinson delays; guidance cuts. Excellent execution; buy dips >$10-15; hold if $110-135 entry; accumulate on weakness toward $120. See detailed analysis: [2026-Q1-comparison.md]",142.01,2026-05-14,2026-07-20,NASDAQ,Oil and Energy
PR,Permian Resources,Watching,20.24,2026-05-13,,Layered entry on weakness,Oil producer dip buy,Permian-focused mid-cap for higher-beta rebound setups,20.24,2026-05-11,2026-05-18,NYSE,Oil and Energy
SM,SM Energy,Watching,31.17,2026-05-13,,Layered entry on weakness,Oil producer dip buy,Mid-cap oil producer with strong tactical volatility to watch,31.17,2026-05-11,2026-05-18,NYSE,Oil and Energy
MUR,Murphy Oil,Watch,38.46,2026-05-13,$36-50 base; $50-60 bull if oil sustains,$36-39 (Tier 1); $42-50 (Tier 2 if WTI $95+),WTI shock validates bull case + Q1 beat,"**Q1 2026 EXECUTION BEAT + WTI OIL SHOCK VALIDATES BULL THESIS (May 6–14).** Earnings beat consensus: EPS $0.32 beat $0.29; production 174.2k BOE/d beat high-end guidance by 3k BOE/d; FCF $41.4M (+16.6% QoQ). MAJOR CATALYST: WTI crude surged $73→$102.21/Bbl (+40% in 8 days post-earnings, May 6–14) on Middle East tensions + 8.5M bbl/d inventory drawdown structural support. At $38.46 stock: Street consensus $40 PT (+4% upside on old $73 WTI models). **IF WTI SUSTAINS $95–105/Bbl (likely structurally through H2 2026):** Analyst PT upgrades to $48–60+ likely within 30–60 days as models update; stock re-rates $45–55 (+17–43% upside). EXECUTION PROVEN: Production guidance beat; capex discipline maintained ($1.2–1.3B reaffirmed); Eagle Ford ramp (3–5k BOE/d annual growth). Q1 OCF $429M strong; FCF $41.4M annualizes $150–200M baseline at $73 oil, doubles to $300–400M at $100+ WTI. Balance sheet: Post-2025 debt paydown $800M (net debt $1.0–1.2B); dividend $0.25/qtr sustainable; room for capital returns. RISKS: WTI <$80 breaks thesis ($32–36 bear PT); production miss >5k BOE/d; capex overrun. Tupper Montney gas decline 5–10% headwind (offset by Eagle Ford growth = flat production). Conviction 6.5/10 at $38.46 (would be 8/10 if analyst PTs confirm $48+). GATE METRIC: WTI crude price ($95–105 = bull, $85–95 = base, <$80 = bear). Best entry $36–39 on weakness; scale up if analyst PT revisions confirm bull case. See detailed analysis: 03_sectors/oil_energy/companies/mur-murphy-oil.md",38.46,2026-05-14,2026-07-30,NYSE,Oil and Energy
MGY,Magnolia Oil & Gas,Watching,28.59,2026-05-13,,Layered entry on weakness,Oil producer dip buy,Mid-cap quality-biased oil producer for dip setups,28.59,2026-05-11,2026-05-18,NYSE,Oil and Energy
OVV,Ovintiv,Watching,57.79,2026-05-13,,Layered entry on weakness,Oil producer dip buy,Liquid North American E&P rebound candidate,57.79,2026-05-11,2026-05-18,NYSE,Oil and Energy
EXK,Endeavour Silver,Buy,10.90,2026-05-14,$10.50-14.00,Tier 1: $10.50-11.50 accumulate; Tier 2: $12-13 scale; avoid chase >$15,Q1 2026 production ramp +78% YoY validated; AISC execution test critical; analyst upgrades elevated,"**PRODUCTION RAMP FULLY VALIDATED (Q1 2026 +78% YoY = 3.34M AgEq annualizes 13.4M oz); COST EXECUTION CRITICAL.** Revenue $209.7M (+230% YoY), NI $64.9M, MOCF $114.6M (+1,280% YoY). Q1 AISC $37.03/oz vs FY guidance $27-28/oz = 33% gap; Terronera LNG transition must deliver >$8/oz cumulative savings for bull case. **ANALYST CONSENSUS ELEVATED (May 14):** 7 Buy/0 Hold/0 Sell (Strong Buy); avg PT $16.50 USD (48% upside from $10.90). Recent upgrades: BMO C$17 (from C$15.50), Raymond James C$18.50 (from C$12.50), HC Wainwright $17. Silver dipped to $78.44/oz (May 14) from $85+ recent high on Fed inflation fears = near-term margin headwind but structural bull case intact. **Bull:** AISC $27-28/oz + 13.5M oz @ $75/oz = $18-22 PT (65-100% upside). **Base:** AISC $30-32/oz + 13.5M oz @ $75/oz = $16-18 PT (47-65% upside). **Bear:** AISC >$35/oz, silver <$65/oz = $8-12 PT downside. Cash $231.8M, net cash; conviction **7/10** (production validated; AISC + commodity prices remain critical). MAKE-OR-BREAK: Q2 2026 AISC print (Aug 7-8) must show progress toward $30-32/oz to confirm bull case. Entry: Tier 1 $10.50-11.50 (accumulate here), Tier 2 $12-13 (scale after Q2 AISC). Next catalyst: 2026-07-15 pre-earnings review; Q2 AISC confirmation critical.",10.90,2026-05-15,2026-07-15,NYSE,Gold and Silver Miners
CDE,Coeur Mining,Buy,20.18,2026-05-15,$18.00-26.00,"Best entry $18-22 range; Tier 1 $18-19, Tier 2 $19-22",Gold/silver producer leverage + New Gold integration play; Q1 EPS miss flagged cost inflation — Q2 AISC critical,"**Q1 2026 EXECUTION MISS, THESIS INTACT — RECOVERY PATH CLEAR IF Q2 VALIDATES.** Stock repriced -37% ($32→$20.18) despite record $856M revenue (+138% YoY), $247M NI (+640% YoY), record $475M adj. EBITDA. EPS miss ($0.35 vs. $0.38-40 consensus) flags structural cost inflation/elevated AISC not just one-time integration = execution risk elevated. Analyst consensus still STRONG BUY: 16 Buy/1 Hold, avg PT $27.00 (+33.8% upside from $20.18). METAL TAILWIND EXCEPTIONAL: Gold $4,651.93/oz (May 14-15, near 12-month highs), silver $84.2/oz = 2026 FCF easily $2.2-2.5B vs. $2B guidance if ramp executes. New Gold ramp adds 300k+ oz Au production 2026; Rainy River and New Afton critical Q2-Q4. **Q2 2026 AISC print is make-or-break:** must normalize toward $1,700/oz guidance or thesis broken. Risk/reward 2:1 favorable if Q2 confirms cost structure. Balance sheet fortress: $843M cash, net cash, $750M buyback authorized, new dividend. Next catalyst: Q2 earnings mid-Aug 2026. Conviction 6.5/10 (execution test pending; recoverable to 8/10 if Q2 validates).",20.18,2026-05-15,2026-07-20,NYSE,Gold and Silver Miners
HL,Hecla Mining,Hold,20.445,2026-05-11,$18.00-20.00,Accumulate $18.00-19.50 on weakness; hold $18-20 entry; reduce >$23,World-class silver producer; peak earnings inflection; analyst consensus $23.21 PT (+19% upside),"**Q1 2026 EXECUTION SOLID, ANALYST CONSENSUS RESET (May 5-14).** Record FCF $144M, debt-free (redeemed $63M senior notes post-quarter), AISC $8.17/oz (ex-Keno), all mines cash-positive. Revenue $410M (+57% YoY). KEY UPDATES: (1) Analyst consensus (May 14): 6 analysts, 3 Buy/2 Hold/1 Sell, avg PT $23.21 (+18.77% upside); HC Wainwright downgrade $37→$27 PT (May 12) signaled peak-earnings reset. (2) Stock rallied 3.24% after-hours post-earnings; $20.445 (May 11) represents fair entry after prior overextension. (3) Q1 $8.17/oz unsustainably low; expect mean reversion $20-22/oz in 2H 2026 per management guidance. **THESIS INTACT:** Silver $85+/oz = $21-24 fair value; $75/oz = $18-21; $65/oz = $14-17. Conviction **6/10** on valuation normalization + analyst reset. **CURRENT POSITION:** $20.445 = fair value with 18% upside to consensus PT $23.21. Entry improved from $21+ asking to $20.445 ask (12-15% margin of safety at $18-19.50). Silver price is the gate metric; analyst consensus will re-rate on Q2 AISC print (due ~Aug 5) and commodity backdrop through H2 2026. Not a growth story; mature FCF machine. Next review 2026-06-30; monitor Q2 AISC print + analyst PT revisions + silver action.",20.445,2026-05-14,2026-06-30,NYSE,Gold and Silver Miners
NEM,Newmont Corporation,Hold,118.96,2026-05-13,$100.00-110.00,Best entry $100-110; hold core if long >$115,Large-cap gold producer margin expansion + Cadia ramp,"**Q1 2026 THESIS VALIDATED: Record FCF $3.1B (+158% YoY), Adj EPS $2.90 (beat 32%), Sales $7.3B (+33% YoY). AISC $1,029/oz (down 42% YoY). REALIZED GOLD $4,900/oz at 5-yr highs; 2026 guidance 5.3M oz, $1,680/oz AISC.** Margin expansion story is STRUCTURAL not temporary (mine transitions complete, fixed-cost leverage accelerating). Cadia on-track for 80% capacity Q2 2026; Merian expansion +200K oz/yr by 2027. Fortress balance sheet: $8.8B cash, $12.8B liquidity; $6B buyback authorized, dividend +4%. Analyst consensus STRONG BUY: 8 Buy/0 Hold, avg PT $157.63 (32% upside). VALUATION: At $119.24 stock prices BULL CASE ($4,500+/oz gold sustained). Fair value $100-110 on base case $4,200/oz gold. MARGIN OF SAFETY LIMITED. Thesis intact, but gold is the gate (bull >$4,500/oz, bear <$3,900/oz = 25-30% downside). HOLD at $119.24; ACCUMULATE <$110. Q2 Cadia ramp confirmation is critical. Conviction 6/10 at $119.24, would be 8/10 at $100-110.",118.96,2026-05-14,2026-07-15,NYSE,Gold and Silver Miners
AU,AngloGold Ashanti,Buy,102.37,2026-05-13,$95.00-102.00 entry zones; $105-120 base case fair value,Tier 1 $95-102; Tier 2 $102-110; Scale at $107,Pure-play gold leverage + record capital return machine,"**Q1 2026 RECORD FCF $1.2B (3x YoY) + DIVIDEND 9.3x YoY ($0.125→$1.16/share) + $2B BUYBACK APPROVED.** Pure gold (98% revenue); 724k oz Q1 prod (flat YoY), cash costs $1,391/oz (+13.7% YoY structural inflation). TAILWIND EXCEPTIONAL: Gold $4,704/oz (May 14) = $3,313/oz margin per oz (72% higher vs Q1 2025). FY2026 guidance 2.8-3.17M oz, AISC $1,780-1,990/oz reaffirmed. **BASE CASE:** $4,300/oz sustained → 3.0M oz + $1,850 AISC = $2.0-2.2B FCF = $105-120 PT (fair value at $107 current). Dividend $1.16/share sustainable; buyback $2B over 24mo. **BULL:** Gold $4,400+/oz sustained + Sukari 300k oz/qtr ramp = $130-145 PT (26% upside). **BEAR:** Gold crash <$3,900/oz, ramp fails = $65-80 PT (30% downside). Analyst Strong Buy $129.80 avg PT (26% upside). THESIS: Commodity-driven (gold >$4,200 = intact; <$3,900 = broken). Cost inflation structural. Conviction 6.5/10. Best entry $95-110. Next catalyst: Gold $4,200/$4,500 levels, Q2 2026 prod/cost track.",102.37,2026-05-14,2026-07-25,NYSE,Gold and Silver Miners
AG,First Majestic Silver,Buy,23.49,2026-05-11,$20.00-26.00 entry range; analyst consensus PT $24.58 (avg); H.C. Wainwright $30 bull,Accumulate $20-23; accumulate aggressively <$20; avoid chase >$26 pre-Q2,Pure-play silver leverage + Los Gatos ramp + dividend reset,"**Q1 2026 THESIS FULLY VALIDATED (May 12 release); ANALYST CONSENSUS FORMS (May 15).** Pure-play silver (57% revenue). Revenue $476.7M (+95% YoY), EPS $0.26 vs $0.01 YoY = 2,375% swing. FCF $224M in Q1 (26% of annual = $800M+ annualized). KEY: AISC $29.76 (↑55% YoY) PEAKS IN Q1; guided to $26.15-27.91 FY2026 (mgmt confident cost normalizes as Los Gatos ramps). MARGIN EXCEPTIONAL: AISC margin $56.59/oz (↑286% YoY). Los Gatos ON TRACK: 500+ tpd by H1 2026; adds 5-6M oz annually (30-40% accretion). Balance sheet FORTRESS: $984.8M cash, net cash positive, dividend raised 280% (policy now 2% of revenue = structural). **ANALYST CONSENSUS (May 15): Hold (1 Buy / 3 Hold); avg PT $24.58 (+4.6% upside); H.C. Wainwright bullish $30 PT (+27% upside); Street awaiting Q2 AISC confirmation.** BULL CASE (↑): AISC $25-26/oz H2, Los Gatos exceeds targets, 14-15M oz, FCF $400-450M annualized = $32-36 PT (+35-54%). BASE CASE (↔): Ramp on track, AISC $26-27/oz, FCF $350-400M = $24-28 PT (+2-19%). BEAR (↓): Ramp delays, AISC >$28 sustained, silver <$50 = $14-18 PT (–25–40%). Conviction 7.5/10 (execution validating; ramp on track; cost guidance credible; metal peak risk). Watch Q2 AISC trajectory—must trend toward $27/oz. Next catalyst: Q2 mid-Aug; AISC print + Los Gatos throughput update.",23.49,2026-05-15,2026-08-01,NYSE,Gold and Silver Miners
ASM,Avino Silver & Gold,Watch,8.02,2026-05-13,$7.00-8.50 entry zone; $10-12 base case; $12-15 bull case,Tier 1: $7.00-7.50 dip buy; Tier 2: $7.50-8.50 fair entry; avoid chase >$10.50 pre-Q2 AISC,Q1 record revenue + La Preciosa ramp + cost normalization pending,"**Q1 2026 EXCEPTIONAL REVENUE (+109% YoY to $39.4M) BUT COST INFLATION UNRESOLVED.** Record net income $15.9M (+184% YoY) on silver $85.44/oz tailwind. Production on-track: 568k oz AgEq (guidance 2.4-2.7M FY2026). CRITICAL ISSUE: AISC guidance $25-27/oz (+20-29% YoY) and Q4 2025 spiked to $31.59/oz (transition costs from La Preciosa ramp). Management confident in normalization by H2 2026, but Q2 2026 AISC print is MAKE-OR-BREAK. BULL: AISC $25/oz, La Preciosa ramps 5-6M oz AgEq 2027, silver $80+/oz sustained → $12-15 PT (50-87% upside). BASE: AISC $26-27/oz, execution at guidance, FCF $70-80M → $9-11 PT (12-37% upside). BEAR: AISC >$28/oz sustained, ramp delays, silver <$65/oz → $6-7 PT (-20-25% downside). Analyst consensus Moderate Buy, avg PT $10.92 (+36% upside); 2 Buy/1 Hold. BALANCE SHEET FORTRESS: Net cash $138.6M, no debt, capex $20-26M FY2026. THESIS CONDITIONAL on Q2 AISC <$28/oz confirming normalization. Entry best on weakness $7-8 pre-Q2 earnings. Conviction 6/10. See: 03_sectors/gold_silver_miners/earnings/ASM/2026-Q1-comparison.md",8.02,2026-05-14,2026-07-20,AMEX,Gold and Silver Miners
TE,T1 Energy Inc.,Watch,5.61,2026-05-13,$4.50-6.00 entry zone,Spec accumulation on weakness in the $4.50-5.25 range; avoid size before G2 financing closes,Solar manufacturing financing gate / G2 Austin ramp,"**G1 IMPROVING, G2 STILL THE GATE.** Q1 2026 revenue $177.6M, net income from continuing ops $3.9M, adj. EBITDA $9.1M. Gross margin improved to ~17% on better fixed-margin / cost-plus mix despite lower sequential throughput (683 MW; ~2.7 GW annualized). 2026 G1 production guidance stays 3.1-4.2 GW with 3.0 GW already contracted. Key unresolved risk is G2_Austin financing: remaining Phase 1 need is about $225M after the April 2026 convert raise, and the whole rerating case still depends on closing that package while keeping Q4 2026 first production on track. Bull $12-16 if G2 closes cleanly and integrated 2027 EBITDA path remains intact; base $8-10 if G1 stays profitable but financing drags; bear $2-4 if funding or policy support breaks.",5.61,2026-05-14,2026-08-06,NYSE,Solar Energy
FSLR,First Solar,Watching,234.60,2026-05-13,$205-220 entry zone,Prefer on policy-driven weakness or closer to $205-220; avoid chasing near consensus fair value,U.S. thin-film solar leader / 45X-backed domestic moat,"**HIGH-QUALITY SOLAR LEADER, BUT ENTRY NO LONGER CHEAP.** Q1 2026 validated the operating thesis: revenue $1.04B (+24% YoY), EPS $3.22 (+65% YoY), gross margin 47%, U.S. utilization 96%, and Section 45X credits $418M. Balance sheet remains elite with $2.0B net cash and undrawn $1.5B revolver. Main caution: backlog fell to 47.9 GW from 50.1 GW at 2025 year-end and management kept 2026 guidance unchanged, still assuming the current U.S. policy framework persists. Street consensus remains constructive, but average PT is only about $238, so upside from $234.60 is limited unless policy clarity or estimate revisions improve. Best setup is a pullback or post-policy dislocation rather than momentum chasing.",234.60,2026-05-14,2026-07-24,NASDAQ,Solar Energy
NIO,NIO Inc.,Buy,6.54,2026-05-14,$5.50-7.00 core entry; $8.00-9.00 bull target,Tier 1: $5.50-6.00 dip accumulate; Tier 2: $6.00-6.30 better entry; Tier 3: $6.50-7.00 current fair entry; avoid chase >$7.50,China EV profitability inflection + multi-model ramp; Onvo L80 launched May 15; ES9 May 27,"**Q4 2025 HISTORIC PROFITABILITY INFLECTION VALIDATED (first operating profit RMB 807M).** Q1 2026 beat delivery guidance (83,465 units +98.3% YoY); Q1 earnings May 21 CRITICAL test—gross margin ≥17% = inflection durable, <16% = broken. THREE-BRAND RAMP UNDERWAY: **Onvo L80 LAUNCHED May 15** ($35.9k, 7% cheaper than Tesla Model Y $49.5k; LiDAR standard, Shenji chip; target 5-10k/mo by H2). **ES9 launches May 27** ($77k flagship 6-seat; 520 kW, 4.2s 0-100). Firefly entry-level expanding (4.98k units Apr alone). STRUCTURAL: Battery swap moat (1M swaps achieved May 7) = recurring high-margin revenue + customer lock-in; gross margin +730 bps YoY (10.2% Q1 2025 → 17.5% Q1 2026); operating leverage validates. MOMENTUM: Stock +7% to $6.54 (May 14); analyst consensus $6.70-$6.80 PT (analyst 10 covering: 4 Buy/5 Hold/1 Sell; avg PT $6.76). RISK: April deliveries -17.3% MoM (29.4k units) signals demand/pricing pressure; ES9 presales execution critical May 27+; tariff barrier (US 25-100% threat). BULL $8-9: Q1 margin >17.5%, op profit confirmed, ES9 >10k presales, FY guidance raised 50%+. BASE $6.50-7.00: Execution at guidance (40-50% growth), margin sustains 17%, profitability durable. BEAR $4.50-5.50: Q1 margin <16%, profitability broken, April weakness persists. Conviction 6.5/10; May 21 earnings binary event. Risk/reward 2:1 long at $6.54 if profitability inflection = structural not cyclical.",6.54,2026-05-14,2026-05-21,NYSE,Automotive
XPEV,XPeng Inc.,Watch,16.68,2026-05-13,$14.00-$18.00 trading range; $19.00-$21.00 only on strong post-earnings confirmation,Accumulate on weakness near $14.00-$15.00; avoid chasing unless Q1 margin and Q2 delivery outlook both improve,China EV pre-earnings margin test,"**PRE-Q1 EARNINGS SETUP:** Q4 2025 proved XPeng can be profitable (RMB 0.38B / US$0.05B net profit, 21.3% gross margin), but May 28, 2026 earnings need to show that was not a one-quarter peak. Q1 deliveries already landed inside guidance at 62,682, and April improved to 31,011 (+13% MoM), so the likely swing factor is not the delivery headline but whether gross margin can still hold around 18-19% and whether management guides to a firmer Q2 slope. Q1 revenue guidance was RMB 12.20B-13.28B (about US$1.74B-1.90B). Product-cycle support is real: Mona refresh, P7 refresh, GX pre-orders, and VLA 2.0 are all helping conversion. Base case: stock stays in a $15.50-$18.00 band if results are merely in line. Bull case: margin resilience plus constructive Q2 commentary can push shares toward $19.00-$21.00. Bear case: margin <17% or weak Q2 tone can send it back to $13.00-$14.50.",16.68,2026-05-14,2026-05-28,NYSE,Automotive
AMD,Advanced Micro Devices,Hold,446.30,2026-05-13,$350-410,Limited upside at $446; accumulate on dips to $350-410; avoid chase >$500,AI accelerator ramp + server CPU share gains,"Q1 2026 validated the AI thesis: data center revenue reached $5.8B (+57% YoY, 56% of total), non-GAAP gross margin expanded to 55%, and EPS of $1.37 beat the $1.25 consensus. Q2 2026 guidance of $11.2B suggests continued acceleration, while recent analyst updates kept the upside narrative alive. At $446.30 on 2026-05-13, the stock looked close to base-case fair value. Bull case: $500-600 if data center growth sustains above 30% and MI/EPYC adoption broadens. Base case: around $450. Bear case: $290-310 if competition compresses growth and margins.",446.30,2026-05-14,2026-07-24,NASDAQ,Technology
MSFT,Microsoft Corporation,Hold,407.77,2026-05-12,$380-420 entry range; $550-680 bull target; $260-350 bear,Conservative: dips $380-390; bullish: current at $408; avoid chase >$445,Cloud AI infrastructure leadership + capex cycle ROI test,"**Q3 FY2026 VALIDATES AZURE DOMINANCE, CAPEX ROI TBD.** Azure +40% YoY (beat Street 38.8% expectations), AI revenue $37B annualized (+123% YoY), Copilot attach rates 20-30% M365 Copilot (pricing power evident). Capex guidance raised to $190B FY2026 (+61% YoY) signals multi-year capacity constraint. MARGIN TEST: Cloud gross margin 65% (down 5pts YoY) requires recovery 2027+ for bull thesis. THREE-QUARTER TREND: Azure 28% → 39% → 40% YoY = genuine acceleration. ANALYST CONSENSUS: 38% Strong Buy, 56% Buy (94%), avg PT $559.98 (+32% upside). **BULL CASE ($550-680):** Azure sustains 35%+ growth, capex ROI >15%, margins recover 70%+ by FY2027, EPS $30-35 = 18-20x = $540-700 fair value. **BASE CASE ($450-550):** Azure 20-25% YoY, capex efficiency questioned, margin recovery delayed to FY2028, EPS $25-28 = 16-18x = $400-500. **BEAR CASE ($260-350):** Capex overshoot, Azure decelerates <15%, margins stuck 60-65%, recession hits = EPS $20-25 = 12-14x = $240-350. **CONVICTION:** 7/10 bull thesis (Cloud moat real, AI monetization early-stage), 5/10 valuation at $407.77 (limited margin of safety). RISK: Capex must generate 25%+ cloud growth or ROI breaks and PT resets to base case $400-450. **ENTRY ZONES:** Best $380-390 (base case); fair $408-420 (current); avoid chase >$445. NEXT CATALYST: Q4 FY2026 earnings August 2026 for FY2027 capex guidance (critical) and margin recovery targets. Hold; accumulate dips.",407.77,2026-05-14,2026-08-04,NASDAQ,Technology
AMZN,Amazon.com Inc.,Hold,270.13,2026-05-13,$240-285 entry range; $310-340 base case fair value,Tier 1: $240-255 accumulate on weakness; Tier 2: $270-285 hold; avoid chase >$290,Cloud AI infrastructure demand + custom silicon moat,"**AWS Q1 2026 REACCELERATION VALIDATES AI THESIS (28% growth = fastest 15 quarters).** Revenue $181.5B (+17% YoY), operating income $23.9B (13.1% margin = record), EPS $2.78 (beat 70% vs $1.64 consensus). AWS operating margin 37.7% (record) despite $43.2B quarterly capex spike. Custom silicon (Trainium/Inferentia) now $20B+ annualized revenue (triple-digit growth); 1.4M chips deployed; Anthropic, Meta, OpenAI adopting at scale. Advertising +24% YoY ($17.24B) with AI-assisted creative tools. Q2 guidance $194-199B (+10-13% YoY) credible. Capex guidance $200B for 2026 (+40%) signals AWS AI demand durability. **Bull:** AWS 25%+ through 2027, custom silicon 25-30% market share, margins expand 40%+ = $360-400 PT (48% upside). **Base:** AWS 20-25%, custom silicon 15-20%, margins 37-39% = $310-340 PT (15% upside). **Bear:** AWS slows <18%, custom silicon adoption falters, capex ROI poor = $220-250 PT (18% downside). Analyst consensus STRONG BUY (109 Buy/1 Hold), avg PT $306-318. RISKS: Capex ROI deterioration; NVIDIA competitive response; macro slowdown; valuation already prices much upside. **VERDICT:** Bull thesis sound but stock up 35% YTD; limited margin of safety above $280. Best entry $240-255 (dip buy); hold current if long. Conviction 6.5/10 on bull thesis, 5/10 on valuation.",270.13,2026-05-14,2026-07-20,NASDAQ,Technology
TSM,Taiwan Semiconductor Manufacturing,Watch,397.28,2026-05-12,$360–380 entry zone; $420–480 base case fair value,Tier 1: $360–380 dip entry; Tier 2: $390–410 fair value,AI foundry monopoly / advanced node leadership,"**Q1 2026 EXCEPTIONAL EXECUTION: Revenue $35.90B (+40.6% YoY), EPS $3.49 (+64.6% YoY), gross margin 66.2%, operating margin 58.1%.** HPC/AI mix 61% of revenue (vs 50% YoY) drives premium pricing and margin expansion. 3nm node 25% of revenue, ramping faster than guidance. Management raised FY2026 guidance to >30% YoY growth; CapEx confirmed high end $52–56B for AI capacity build. **THESIS VALIDATED:** TSMC is sole supplier of 3nm/5nm volume for AI infrastructure (NVIDIA H100/H200, custom ASICs, cloud). Node leadership 2–3 years ahead of Samsung/Intel = unassailable moat through 2027+. Analyst consensus 11 Buy / 2 Hold, avg PT $465 (17% upside). Stock weakness post-earnings on CapEx guidance recovered to $397.28 by May 12. **CONVICTION:** 7.5/10 fair valuation but thesis intact. WATCH for Q2 guidance confirmation (expected mid-July); potential Buy on dip $360–380.",397.28,2026-05-14,2026-07-15,NYSE,Technology
NVDA,NVIDIA Corp,Hold,225.57,2026-05-13,$180-210,Accumulate on dips $180-210; hold core if long $240+; trim on strength >$280,AI accelerators + GPU + networking monopoly + Blackwell ramp,"**Q4 FY2026 EXECUTION EXCEPTIONAL, VALUATION LIMITED MARGIN OF SAFETY.** Revenue $68.1B (+20% QoQ, +73% YoY), data center $62.3B (+75% YoY), gross margin 75% non-GAAP (+160bps QoQ, +220bps YoY). Networking +142% YoY validates Blackwell adoption + NVLink bundling. Q1 FY2027 guide $78B (+15% QoQ, ~73% YoY) re-acceleration past inventory digestion. CEO Huang: $1T+ TAM for Blackwell/Rubin through 2027, agentic AI inflection thesis. Analyst consensus: 57 Buy/1 Hold/1 Sell; avg PT $276.41 (+22% upside); high $525 (Bernstein). BULL CASE $350-400 (Blackwell ramp, inference demand, 40-45x on $8-10 FY2027 EPS). BASE CASE $310-350 (40% growth, 72-74% margin normalization). BEAR CASE $220-260 (deceleration <30% growth, margin <71%, competitive pressure). **CONVICTION:** 7/10 on bull thesis (Blackwell real, inference valid, software moat deepening), 3/10 on valuation (45-50x forward P/E = perfection priced in). Current $225.57 at 45-50x forward P/E offers limited upside unless growth re-accelerates; downside risk 25-30% if growth decelerates. KEY CATALYST: May 20 earnings Q1 FY2027—must beat $78B guide + raise Q2 to refresh bull narrative. Inference ramp speed + gross margin sustainability = critical metrics. Entry: $180-210 strong buy, $240-280 fair value hold, >$280 trim/sell.",225.57,2026-05-14,2026-05-19,NASDAQ,Technology
XOM,ExxonMobil Corporation,Buy,150.56,2026-05-12,$135-160 entry range; $180-200 bull target,Tier 1: $135-145 accumulate on WTI dip; Tier 2: $150-160 fair entry; Tier 3: $160-170 momentum,Large-cap integrated oil major; Q1 beat + WTI surge tailwind,"**Q1 2026 BEAT + WTI SURGE VALIDATES ENERGY THESIS (May 1–14).** Earnings $2.09/share excl. items beat consensus; revenue $83.2B vs $82.2B est.; production 4.6M boe/d (+4.4% YoY, Guyana >900k drilled). MAJOR CATALYST: WTI crude surged $73→$102.21/bbl (+40% in 8 days, May 6–14) on Middle East tensions + 8.5M bbl/d inventory drawdown structural thesis. Street consensus: 20 Buy/0 Sell (100% conviction), avg PT $165 (+9.6% upside); Bernstein upgraded $182 PT (May 10). EXECUTION VALIDATED: Guyana on-track for 1M+ Bbl/d by 2027 (from 900k Q1); SAC <$35 (industry-leading); FCF $13.8B underlying OCF (ex-margin postings). Q1 FCF $2.7B depressed by capex peak; expect $4-5B/qtr H2 2026 normalization. Capital returns: $9.1B Q1 ($4.3B dividend, $4.8B buyback); sustains $36-40B annual on base $85 WTI. **BULL CASE ($180-200 PT):** $95-105 WTI sustained → $8-10B annual FCF → analyst PT upgrades (models run at $73-80 WTI pre-surge). **BASE CASE ($160-175 PT):** $80-90 WTI equilibrium → $5-6B FCF → fair-value re-rating on earnings. **BEAR CASE ($120-140 PT):** <$70 WTI crash → FCF $2-3B, buyback suspend, thesis broken. Conviction 7.5/10 (high). Risk/reward 2:1 long-biased at $150.56 if WTI $95+ holds. Gate metric: WTI price (bull $100+, base $85, bear <$75). Q2 2026 earnings July 31; pre-earnings review July 20 (10 days prior; assess WTI trend + analyst PT upgrades). See analysis: 03_sectors/oil_energy/earnings/XOM/2026-Q1-comparison.md",150.56,2026-05-14,2026-07-20,NYSE,Oil and Energy
NBIS,Nebius Group N.V.,Buy,213.36,2026-05-13,$180-210 best entry; $210-240 fair value; $240-280 momentum/risk zone,Accumulate on weakness $200-210; avoid chase >$240; consider trim >$250 if thesis weakens,AI infrastructure platform buildout; Meta $27B deal + NVIDIA $2B backing,"**Q1 2026 TRANSFORMATIONAL INFLECTION (May 13).** Revenue $399M (684% YoY, 75% QoQ), net income $621M, adj. EPS $2.11 (beat consensus $2.89), adjusted EBITDA $129.5M (32% margin). ARR $1.9B (+50% QoQ, 111% YoY). **MEGA-CATALYSTS:** (1) $27B 5-yr Meta partnership (validates data-center value, de facto financing); (2) $2B NVIDIA equity backing; (3) CapEx raised to $20-25B on pre-committed demand; (4) 3.5+ GW power contracted (no demand risk). 2026 GUIDANCE: $3.0-3.4B revenue (88% YoY growth), $7-9B ARR (3.2x growth), 40% EBITDA margin. **VALUATION:** At $213 = 28x sales run-rate, 14x 2026E; premium pricing already captured. Street 55% Strong Buy, avg PT $177 (outdated), BofA $205 (May 11). **BULL ($300-400):** Sustained 80%+ growth, 3+ hyperscaler deals, margin beats. **BASE ($180-250):** 2026 execution, growth moderates 50% YoY 2027, 8-10x re-rate. **BEAR ($80-120):** Customer concentration, macro slowdown, CapEx overruns, 5-6x sales. CONVICTION 7/10 on bull, 4/10 on valuation (limited margin safety). Risk/reward 1.5:1 unfavorable at $213; best entry $200-210. Q2 metrics: ARR growth >40% QoQ, margin trajectory, customer wins, H2 deployment. Next review 2026-07-15. See: 03_sectors/technology/earnings/NBIS/2026-Q1-comparison.md",213.36,2026-05-14,2026-07-15,NASDAQ,Technology
MPC,Marathon Petroleum,Watch,249.09,2026-05-13,$240-270 entry range; $270-295 base case fair value,Tier 1: $240-255 dip accumulate; Tier 2: $260-270 fair entry; avoid chase >$290,Refining margin upside + maintenance backlog clearing + WTI $102 support,"**Q1 2026 EXCEPTIONAL EXECUTION (May 5).** EPS $1.65 beat $0.75 estimate (+120%), revenue $34.57B beat $33.07B estimate. Refinery utilization 89% (guided Q2 94%) on planned maintenance (40% of full-year backlog cleared in Q1). EXCEPTIONAL: Nearly 100% capture of refining spreads (vs. normal 80-90%), suggesting structural commercial excellence. FCF strong: $1B+ returned to shareholders in Q1, new $5B buyback authorization announced. WTI crude $102.21/bbl (May 13) supports margins; near-term commodity backdrop excellent. **ANALYST CONSENSUS:** 13 Buy, avg PT $285 (+14.4% upside). Recent upgrades: Goldman Sachs $291, TD Cowen $320, Barclays $270, Citi $257. **BULL CASE ($310-350):** Utilization hits 94%+ H2 2026, capture rate sustains 95%+, WTI $95-100 holds = $1.50-2.00 EPS per quarter = $6-8 annualized; 13-14x multiple = $78-112 per share annualized premium. **BASE CASE ($270-290):** 92% utilization, 85% capture, $85-90 WTI normalized = $1.20-1.50 per quarter = $6-7 annualized; 13x = $78-91 fair value. **BEAR CASE ($200-240):** <85% utilization, sub-80% capture, WTI <$85 = earnings pressure to $0.80-1.00 per quarter. **CONVICTION 6/10** (Strong Q1, catalyst clarity, but refining commoditized). **RISKS:** WTI drops below $85 (compresses margins materially), capture rate normalizes to 80%, operational disruption, recession demand shock. ENTRY: Accumulate $240-255 (Tier 1); scale $260-270 (Tier 2). **NEXT CATALYST:** Q2 2026 earnings Aug 4; pre-earnings July 20 review of utilization trend + WTI action + analyst consensus. **MAKE-OR-BREAK:** Q2 refinery utilization achievement vs. 94% guidance (single most important metric). See detailed analysis: 03_sectors/oil_energy/earnings/MPC/2026-Q1-comparison.md",249.09,2026-05-14,2026-07-20,NYSE,Oil and Energy
PSX,Phillips 66,Watch,176.84,2026-05-14,$150-170 base case fair value; $180-200 bull case if WTI $95-105 sustained,Tier 1: $150-160 dip entry (best risk/reward); Tier 2: $160-170 fair value entry,Refiner + midstream; Q1 miss but operationally solid; WTI surge tailwind; turnaround complete,"**Q1 2026 MISS, BUT OPERATIONALLY IMPROVING (Apr 29 report).** Adjusted EPS $0.49 vs consensus higher; miss driven by $839M mark-to-market loss + working capital timing, NOT operational deterioration. Refining opex improved to $6.21/bbl (down $0.80/bbl YoY = 11% structural cost reduction from Spring 2025 turnaround). MAJOR CATALYST: WTI crude surged $73→$102/bbl (+40% in 8 days, May 6-14) on Middle East tensions + 8.5M bbl/d inventory drawdown H2 2026 expected. At $176.84 stock: Street consensus $163.62 PT (−7.5% downside); Morgan Stanley upgraded Buy (Apr 24). **IF WTI SUSTAINS $95-105/bbl:** Q2 2026 refining spreads could expand → 2026E EPS $3.50-4.00 → PT $180-200 (+2-13% upside). Q4 2025 adjusted EPS $2.47 (beat); Q1 2025 adjusted loss −$0.90 (turnaround). **BULL CASE ($180-200):** WTI $95-105 sustained, margins hold, FCF $5-6B annually, analyst PT upgrades. **BASE CASE ($150-170):** WTI $80-90 normalize, spreads compress, FCF $4-5B, fair-value range. **BEAR (<$120):** Recession/WTI crash <$70, spreads collapse, FCF $1-2B. Conviction 6/10; best entry $150-160 dip. Gate metric: WTI price (bull >$95, base $80-90, bear <$75). Next catalyst: Q2 earnings late July; monitor EIA inventories weekly.",176.84,2026-05-14,2026-07-22,NYSE,Oil and Energy
LI,Li Auto Inc.,Watch,20.02,2026-05-13,$17.00-18.50 high-conviction; $18.50-20.00 conditional,Tier 1: $17.00-18.50 on post-earnings weakness; Tier 2: $18.50-20.00 only if Q1 gross margin and guidance support the recovery,China EV/EREV turnaround watch; Q1 delivery beat + L9 Livis refresh + May 28 earnings,"**FULL ANALYSIS EXECUTED (May 14).** Q4 2025 improved sequentially from Q3, but revenue was still down 35.0% YoY to RMB28.8B and gross margin remained below prior-year levels at 17.8% vs. 20.3% in Q4 2024. Q1 2026 deliveries beat original guide at 95,142 units versus the 85,000-90,000 range given on 2026-03-12, but April slowed to 34,085 units and the stock now sits above MarketBeat's $18.55 consensus PT, so margin quality matters more than volume alone. Key catalysts: US$1.0B buyback approved 2026-03-24, 2025 Form 20-F filed 2026-04-10, L9 Livis launched 2026-05-15, Q1 2026 earnings due 2026-05-28. **BULL:** Q1 margin holds and H2 guidance improves = $24-26. **BASE:** deliveries stabilize but profitability only okay = $18-22. **BEAR:** margin disappointment / weaker guidance = $15-17. Best kept on Watch until Q1 gross margin and Q2 delivery guidance are confirmed. See: 03_sectors/automotive/earnings/LI/2026-Q1-comparison.md",20.02,2026-05-14,2026-05-28,NASDAQ,Automotive
